Primary Emotion,Subtype,Emotion,Christian Validation
Fear,Alarmed Fear,panicked,This feeling reflects a body reacting to perceived danger. God sees your panic and remains present and steady even when your nervous system feels overwhelmed.
Fear,Alarmed Fear,terrified,Terror signals that something feels deeply unsafe right now. Scripture affirms that God is near to the frightened and does not abandon you in fear.
Fear,Alarmed Fear,flooded,Feeling flooded shows that your capacity has been exceeded. God understands human limits and invites you to rest in His sustaining care.
Fear,Alarmed Fear,overwhelmed,This emotion reflects that too much is happening at once. God does not shame overwhelm and offers refuge and shelter in times of excess strain.
Fear,Alarmed Fear,overstimulated,Overstimulation points to a nervous system under heavy load. God created you with limits and honors your need for quiet and restoration.
Fear,Alarmed Fear,pressed,Feeling pressed reflects sustained pressure. God sees the weight you are under and promises to uphold you when burdens feel heavy.
Fear,Alarmed Fear,alarmed,Alarm is a God-designed signal meant to protect life. God remains sovereign and attentive even when your system is alert and tense.
Fear,Alarmed Fear,activated,Activation reflects readiness for action under threat. God understands this response and invites you into safety rather than self-blame.
Fear,Alarmed Fear,on edge,Being on edge shows heightened vigilance. God does not condemn this state and offers peace that settles what feels keyed up.
Fear,Alarmed Fear,reactive,Reactivity reflects a fast protective response. God’s grace meets you even when responses happen before conscious thought.
Fear,Alarmed Fear,keyed up,This feeling signals sustained alertness. God is patient with human stress responses and provides steadiness beyond them.
Fear,Alarmed Fear,urgent,Urgency reflects a need for immediate resolution. God is not rushed and holds time and outcomes securely.
Fear,Anxious Fear,anxious,Anxiety reflects uncertainty about the future. God invites anxious hearts to bring their concerns to Him without shame.
Fear,Anxious Fear,fearful,Fearfulness acknowledges vulnerability. Scripture consistently affirms that God draws near to those who feel afraid.
Fear,Anxious Fear,uneasy,Unease reflects inner disturbance. God does not reject unsettled hearts and offers grounding presence.
Fear,Anxious Fear,restless,Restlessness signals unresolved concern. God welcomes restless souls and offers rest without condemnation.
Fear,Anxious Fear,worried,Worry reflects care and concern. God recognizes this impulse and gently redirects trust toward His provision.
Fear,Anxious Fear,concerned,Concern shows attentiveness and responsibility. God honors care while reminding you that outcomes rest with Him.
Fear,Anxious Fear,apprehensive,Apprehension reflects anticipation of difficulty. God walks with you into what feels uncertain.
Fear,Anxious Fear,uncertain,Uncertainty is part of human limitation. God does not require certainty in order to be faithful.
Fear,Anxious Fear,guarded,Guardedness reflects a need for safety. God respects protective boundaries and offers trustworthy refuge.
Fear,Preoccupied Fear,alert,Alertness is a God-given capacity for awareness. God sees your vigilance and remains present alongside it.
Fear,Preoccupied Fear,vigilant,Vigilance reflects sustained watchfulness. God does not ask you to carry this burden alone.
Fear,Preoccupied Fear,monitoring,Monitoring signals responsibility and care. God holds what you are watching over.
Fear,Preoccupied Fear,focused outward,This reflects attention directed toward the environment. God is attentive even when your focus is stretched outward.
Fear,Preoccupied Fear,preoccupied,Preoccupation shows mental load. God understands cognitive strain and offers clarity over time.
Fear,Preoccupied Fear,self-monitoring,Self-monitoring reflects effort to stay regulated. God is patient with this effort and does not demand perfection.
Fear,Preoccupied Fear,held alert,Being held in alertness shows sustained readiness. God invites release into His watchfulness.
Fear,Preoccupied Fear,tense,Tension reflects readiness and restraint. God does not shame tense bodies and offers peace gradually.
Fear,Preoccupied Fear,rigid,"Rigidity can arise from prolonged stress. God meets stiffness with gentleness, not judgment."
Fear,Preoccupied Fear,braced,Bracing reflects anticipation of impact. God sees this posture and offers protection beyond your own effort.
Fear,Preoccupied Fear,contained,Containment shows self-control under pressure. God honors endurance and provides relief.
Fear,Preoccupied Fear,restrained,"Restraint reflects effortful regulation. God is compassionate toward effort, not demanding instant calm."
Fear,Preoccupied Fear,compressed,Compression reflects internal pressure. God recognizes internal strain even when it is unseen.
Fear,Preoccupied Fear,controlled,Control can reflect a need for safety. God invites trust while respecting your need for stability.
Fear,Preoccupied Fear,effortful,Effortfulness shows persistence under load. God values faithfulness even when it is tiring.
Anger,Irritated Anger,irritated,Irritation reflects friction or disturbance in your environment or expectations. God acknowledges this signal without condemnation and remains steady with you.
Anger,Irritated Anger,bothered,Being bothered reflects sensitivity to disruption or intrusion. God affirms your awareness of what affects you and does not dismiss it.
Anger,Irritated Anger,disturbed,Disturbance reflects something feeling misaligned or unsettled. God sees what has disrupted your peace and remains attentive.
Anger,Irritated Anger,ruffled,Ruffled feelings reflect minor disruption to emotional balance. God remains present even in small disturbances.
Anger,Irritated Anger,disrupted,Disruption reflects interruption of order or flow. God remains steady and faithful when rhythm is broken.
Anger,Irritated Anger,uneven,Unevenness reflects imbalance or inconsistency. God invites restoration without blame or pressure.
Anger,Frustrated Anger,frustrated,Frustration reflects effort meeting resistance. God sees blocked paths and remains engaged with you.
Anger,Frustrated Anger,blocked,Feeling blocked reflects hindered movement or progress. God is not limited by obstacles and remains active.
Anger,Frustrated Anger,impeded,Impediment reflects slowed forward motion. God understands delay and sustains patience.
Anger,Frustrated Anger,halted,Being halted reflects sudden loss of momentum. God remains present even in pauses.
Anger,Frustrated Anger,stuck,Stuckness reflects lack of movement despite effort. God continues working even when progress is not visible.
Anger,Frustrated Anger,efforting,Efforting reflects sustained exertion toward a goal. God values faithfulness even when results lag.
Anger,Pressurized Anger,strained forward,Strain reflects pushing under sustained load. God does not measure your worth by output or pace.
Anger,Pressurized Anger,trying hard,Trying hard reflects commitment and responsibility. God honors sincere striving without demanding success.
Anger,Pressurized Anger,mobilized,Mobilization reflects readiness to act. God guides strength toward constructive ends.
Anger,Pressurized Anger,engaged under strain,This reflects carrying responsibility with effort and cost. God sees both engagement and strain clearly.
Anger,Pressurized Anger,pressured inside,Internal pressure reflects burden held within. God offers relief and shared load.
Anger,Pressurized Anger,compressed within,Compression reflects force restrained internally. God acknowledges inner weight even when unseen.
Anger,Contained Anger,weighted,Feeling weighted reflects responsibility being carried. God does not ask you to carry more than grace supplies.
Anger,Contained Anger,burdened,Burden reflects heaviness of obligation. God invites burdens to be shared with Him.
Anger,Contained Anger,loaded,Feeling loaded reflects accumulation of demands. God sees the full weight you carry.
Anger,Contained Anger,pulled,Being pulled reflects competing demands or loyalties. God offers wisdom in divided spaces.
Anger,Contained Anger,responsible,Responsibility reflects care and duty. God honors faithful stewardship.
Anger,Contained Anger,tasked,Being tasked reflects entrusted obligation. God equips those He entrusts.
Sadness,Low Sadness,sad,"Sadness reflects loss, disappointment, or longing for something meaningful. God acknowledges sorrow without rushing it and remains near to the hurting."
Sadness,Low Sadness,down,Feeling down reflects reduced emotional or physical energy. God does not withdraw when strength is diminished and meets you where capacity is low.
Sadness,Low Sadness,low,Lowness reflects diminished reserves and heaviness of spirit. God meets people at their lowest points without requiring them to rise first.
Sadness,Low Sadness,discouraged,Discouragement reflects strained hope or repeated disappointment. God restores hope gradually and does not shame weary hearts.
Sadness,Low Sadness,disheartened,Disheartenment reflects weariness in the inner life. God remains attentive to the heart even when motivation feels thin.
Sadness,Low Sadness,somber,Somberness reflects gravity and seriousness about what has been lost or altered. God honors seriousness without demanding positivity or cheer.
Sadness,Low Sadness,heavy-hearted,A heavy heart reflects emotional weight carried over time. God invites hearts burdened by weight to rest in His presence.
Sadness,Low Sadness,dull ache,A dull ache reflects ongoing pain that has not resolved. God is patient with slow healing and sustained sorrow.
Sadness,Low Sadness,quiet sadness,Quiet sadness reflects grief that is held inward rather than expressed. God sees sorrow even when it remains unspoken.
Sadness,Lonely Sadness,lonely,Loneliness reflects unmet needs for connection and belonging. God affirms the need for relationship and does not dismiss isolation.
Sadness,Lonely Sadness,isolated,Isolation reflects separation from meaningful presence. God remains present even when others feel distant or unavailable.
Sadness,Lonely Sadness,separate,Feeling separate reflects emotional or relational distance. God bridges gaps gently rather than forcing closeness.
Sadness,Lonely Sadness,cut off,Feeling cut off reflects loss of access or belonging. God does not sever connection and remains reachable.
Sadness,Lonely Sadness,disconnected,Disconnection reflects strain or rupture in relationship. God values restoration and continued belonging.
Sadness,Lonely Sadness,alone inside,Inner aloneness reflects pain that feels unseen by others. God sees what feels hidden and holds it with care.
Sadness,Depleted Sadness,exhausted,Exhaustion reflects prolonged expenditure of emotional or physical energy. God affirms rest as necessary and honorable.
Sadness,Depleted Sadness,spent,Being spent reflects having given what was available. God replenishes the weary without reproach.
Sadness,Depleted Sadness,drained,Feeling drained reflects loss of vitality through sustained demand. God remains a source of renewal even when energy is gone.
Sadness,Depleted Sadness,overextended,Overextension reflects exceeding healthy limits. God honors human boundaries and does not demand endless capacity.
Sadness,Depleted Sadness,worn down,Being worn down reflects long-term strain. God is gentle with those shaped by endurance.
Sadness,Depleted Sadness,depleted,Depletion reflects emptiness of reserves. God fills what is empty in time rather than demanding output.
Sadness,Depleted Sadness,running low,Running low reflects nearing capacity limits. God provides sustenance suited to each day.
Sadness,Depleted Sadness,low reserve,Low reserve reflects fragile capacity. God does not require surplus to remain present.
Sadness,Depleted Sadness,nearly empty,Near emptiness reflects significant need. God meets needs faithfully without delay or judgment.
Sadness,Numb Sadness,numb,Numbness reflects protective shutdown when input is overwhelming. God understands this response and does not withdraw.
Sadness,Numb Sadness,emptied,Feeling emptied reflects loss of emotional content or vitality. God remains present even when feelings are absent.
Sadness,Numb Sadness,hollow,Hollowness reflects an inner void after depletion or loss. God dwells even in emptiness without demanding feeling.
Sadness,Numb Sadness,shut down,Shutdown reflects a protective response to overload. God is patient with withdrawal and respects limits.
Sadness,Numb Sadness,powered down,Powering down reflects conservation of remaining energy. God honors the need for reduced engagement.
Sadness,Numb Sadness,flatlined,Flatness reflects absence of emotional signal rather than absence of meaning. God’s presence is not dependent on sensation.
Sadness,Numb Sadness,withdrawn,Withdrawal reflects seeking safety from further demand. God does not abandon withdrawn hearts.
Sadness,Numb Sadness,folded inward,Folding inward reflects self-protection under strain. God honors the need for shelter and recovery.
Sadness,Numb Sadness,retreated,Retreat reflects movement toward safety rather than avoidance. God invites refuge without pressure.
Surprise,Startled Surprise,alerted,Alerted reflects sudden awareness of unexpected change in your environment. God acknowledges this response without judgment and remains present with you.
Surprise,Startled Surprise,activated,Activation reflects readiness following an unexpected stimulus. God understands this shift and remains steady alongside you.
Surprise,Startled Surprise,on edge,Being on edge reflects heightened sensitivity after disruption. God acknowledges this state without condemnation and offers steadiness.
Surprise,Startled Surprise,reactive,Reactivity reflects a fast response to sudden input. God meets quick reactions with patience and care.
Surprise,Startled Surprise,keyed up,Being keyed up reflects elevated arousal after surprise. God remains calm and present as your system settles.
Surprise,Heightened Awareness,aware,Awareness reflects attentiveness to what is happening in the moment. God values attentive presence and remains near to you.
Surprise,Heightened Awareness,mentally alert,Mental alertness reflects readiness and cognitive engagement. God acknowledges this clarity and remains steady with you.
Surprise,Heightened Awareness,attentive,Attentiveness reflects focused presence toward what matters. God honors careful attention and remains with you.
Surprise,Heightened Awareness,engaged mind,An engaged mind reflects active processing and curiosity. God values thoughtful engagement and remains patient.
Surprise,Heightened Awareness,active mind,An active mind reflects integration of multiple inputs. God acknowledges this activity and remains steady.
Surprise,Heightened Awareness,held attention,Held attention reflects sustained focus on what is present. God meets you within that focus without pressure.
Surprise,Unsettled Surprise,unsettled,Unsettledness reflects disruption of inner balance. God acknowledges this disturbance and remains grounding.
Surprise,Unsettled Surprise,uneasy,Unease reflects instability following change. God remains constant and near to you.
Surprise,Unsettled Surprise,off balance,Feeling off balance reflects sudden shift in orientation. God restores steadiness without rushing you.
Surprise,Unsettled Surprise,misaligned,Misalignment reflects temporary disorientation. God gently reorients without force or demand.
Surprise,Unsettled Surprise,unsteady,Unsteadiness reflects adjustment still in progress. God supports you with patience and care.
Surprise,Unsettled Surprise,out of sync,Being out of sync reflects transition between states. God walks with you through transitions.
Surprise,Cognitively Busy,internally noisy,Internal noise reflects cognitive overload from many inputs. God acknowledges this strain and remains steady.
Surprise,Cognitively Busy,mentally busy,Mental busyness reflects active processing of demands. God understands complexity and remains present.
Surprise,Cognitively Busy,cognitively loaded,Cognitive load reflects responsibility being carried. God helps hold what feels heavy.
Surprise,Cognitively Busy,processing a lot,Processing reflects integration of many experiences at once. God offers wisdom with patience.
Surprise,Cognitively Busy,occupied,Being occupied reflects attention under demand. God remains near even when focus is taxed.
Surprise,Cognitively Busy,scattered,Scatteredness reflects overload of attention and energy. God gathers gently without condemnation.
Anticipation,Mobilized Anticipation,ready,Readiness reflects preparedness for what lies ahead. God equips you without rushing.
Anticipation,Mobilized Anticipation,mobilized,Mobilization reflects movement toward action. God directs strength wisely.
Anticipation,Mobilized Anticipation,engaged,Engagement reflects investment of effort and attention. God honors commitment and presence.
Anticipation,Mobilized Anticipation,forward-moving,Forward movement reflects direction and hope. God goes before you faithfully.
Anticipation,Mobilized Anticipation,purposeful,Purposefulness reflects clarity of aim. God gives meaning to direction.
Anticipation,Mobilized Anticipation,directed,Directedness reflects guidance toward action. God leads steadily.
Anticipation,Focused Anticipation,focused,Focus reflects narrowed attention for effectiveness. God values intention and clarity.
Anticipation,Focused Anticipation,intentional,Intentionality reflects deliberate choice. God honors thoughtful steps.
Anticipation,Focused Anticipation,organized,Organization reflects stewardship of energy and effort. God values order and care.
Anticipation,Focused Anticipation,clear-headed,Clear-headedness reflects mental calm and clarity. God provides wisdom and steadiness.
Anticipation,Focused Anticipation,capable,Capability reflects readiness and skill. God equips those He calls.
Anticipation,Focused Anticipation,effective,Effectiveness reflects alignment of effort and outcome. God blesses faithful work.
Anticipation,Quiet Anticipation,poised,Poise reflects readiness held with calm. God values quiet strength.
Anticipation,Quiet Anticipation,ready within,Inner readiness reflects trust without urgency. God prepares hearts patiently.
Anticipation,Quiet Anticipation,held readiness,Held readiness reflects patience over impulse. God works within timing.
Anticipation,Quiet Anticipation,subtle vitality,Subtle vitality reflects gentle life energy. God sustains life quietly.
Anticipation,Quiet Anticipation,gentle momentum,Gentle momentum reflects steady forward progress. God honors slow faithfulness.
Anticipation,Quiet Anticipation,light readiness,Light readiness reflects openness without strain. God invites trust.
Anticipation,Uneasy Drive,uneasy drive,Uneasy drive reflects mixed motivation and tension. God meets complexity with care.
Anticipation,Uneasy Drive,persistent,Persistence reflects endurance through effort. God values perseverance.
Anticipation,Uneasy Drive,unsettled effort,Unsettled effort reflects striving under strain. God gives rest and steadiness.
Anticipation,Uneasy Drive,low-grade tension,Low-grade tension reflects ongoing anticipation. God steadies nerves gently.
Anticipation,Uneasy Drive,background alert,Background alertness reflects quiet vigilance. God watches attentively.
Anticipation,Uneasy Drive,quiet pressure,Quiet pressure reflects responsibility held inward. God shares the load.
Joy,Expansive Joy,ecstatic,"Ecstasy reflects intense delight, release, and fullness of life. God delights in joy and welcomes its open expression without restraint."
Joy,Expansive Joy,exuberant,Exuberance reflects celebration that overflows beyond containment. God rejoices with His people and affirms joy that is freely expressed.
Joy,Expansive Joy,radiant,Radiance reflects inner light made visible through joy. God is the source of this light and delights in its brightness.
Joy,Expansive Joy,elated,"Elation reflects uplift, relief, and emotional elevation. God gives gladness and affirms joy that lifts the spirit."
Joy,Expansive Joy,euphoric,"Euphoria reflects deep pleasure, vitality, and delight in being alive. God gives good gifts generously and without hesitation."
Joy,Expansive Joy,overflowing,Overflowing joy reflects abundance that exceeds containment. God’s grace overflows and welcomes joy in its fullness.
Joy,Energized Joy,energized,Energy reflects renewed vitality and readiness for engagement. God renews strength and affirms lively participation in life.
Joy,Energized Joy,invigorated,Invigoration reflects restoration after depletion or effort. God restores what has been spent and strengthens what remains.
Joy,Energized Joy,enthusiastic,Enthusiasm reflects active interest and joyful engagement. God values joy that moves toward life with eagerness.
Joy,Energized Joy,buoyant,Buoyancy reflects emotional lightness and lift. God lifts spirits and affirms joy that feels freeing.
Joy,Energized Joy,excited,Excitement reflects hopeful anticipation and positive expectation. God delights in hope and welcomes joyful anticipation.
Joy,Energized Joy,motivated,Motivation reflects energized direction toward meaningful action. God inspires action and blesses forward movement.
Joy,Inspired Joy,inspired,"Inspiration reflects vision, meaning, and awakened purpose. God breathes purpose and delights in renewed imagination."
Joy,Inspired Joy,uplifted,Uplift reflects encouragement and emotional renewal. God strengthens hearts and affirms rising joy.
Joy,Inspired Joy,bright,"Brightness reflects clarity, hopefulness, and inner light. God is light and delights in brightness of spirit."
Joy,Inspired Joy,alive,"Aliveness reflects vitality, engagement, and presence. God is life and rejoices in lived fullness."
Joy,Inspired Joy,expanded,"Expansion reflects growth in capacity, perspective, and openness. God grows hearts and welcomes widening joy."
Joy,Inspired Joy,amplified,Amplification reflects joy intensified and magnified. God multiplies joy and does not diminish it.
Joy,Content Joy,content,Contentment reflects settled satisfaction and sufficiency. God provides enough and affirms rest in what is.
Joy,Content Joy,satisfied,Satisfaction reflects needs being met and desires fulfilled. God meets needs faithfully and consistently.
Joy,Content Joy,fulfilled,"Fulfillment reflects alignment, completion, and wholeness. God completes good work and affirms completion."
Joy,Content Joy,okay,Okay reflects steady well-being without excess or strain. God sustains steady states as meaningful and good.
Joy,Content Joy,fine,"Fine reflects adequacy, balance, and quiet sufficiency. God’s grace is sufficient and reliable."
Joy,Content Joy,enough,Enough reflects settled trust and completeness. God is enough and affirms sufficiency.
Trust,Resting Trust,safe at rest,Safety reflects felt security and ability to settle. God is refuge and invites rest without vigilance.
Trust,Resting Trust,serene,Serenity reflects calm and inner peace. God gives peace that does not require effort.
Trust,Resting Trust,peaceful,Peacefulness reflects settled trust and ease. God is peace and sustains it.
Trust,Resting Trust,quieted,Quieted reflects reduced internal noise and arousal. God calms hearts and invites stillness.
Trust,Resting Trust,unhurried,Unhurriedness reflects trust in timing and pacing. God is not rushed and does not pressure movement.
Trust,Resting Trust,soft,Softness reflects safety and openness. God is gentle and welcomes tenderness.
Trust,Grounded Trust,grounded,Groundedness reflects stability and support beneath experience. God is firm foundation and does not shift.
Trust,Grounded Trust,anchored,Anchoring reflects steadiness under pressure. God holds fast and secures what rests in Him.
Trust,Grounded Trust,centered,Centeredness reflects internal alignment and balance. God orders life and restores center.
Trust,Grounded Trust,balanced,Balance reflects harmony and regulation. God restores balance without force.
Trust,Grounded Trust,aligned,Alignment reflects coherence and right direction. God guides paths and sustains alignment.
Trust,Grounded Trust,rooted,Rootedness reflects belonging and stability over time. God plants firmly and nurtures growth.
Trust,Secure Trust,secure,Security reflects confidence in safety and care. God protects and remains vigilant.
Trust,Secure Trust,protected,Protection reflects being covered and watched over. God watches attentively and faithfully.
Trust,Secure Trust,held,Being held reflects support and containment. God upholds without strain.
Trust,Secure Trust,sheltered,Shelter reflects refuge from threat or harm. God provides cover and safety.
Trust,Secure Trust,reassured,Reassurance reflects restored ease and confidence. God comforts and steadies hearts.
Trust,Secure Trust,trusting,Trusting reflects openness to reliance and care. God is faithful and dependable.
Trust,Relational Trust,connected,Connection reflects belonging and relational presence. God values relationship and shared life.
Trust,Relational Trust,attuned,Attunement reflects mutual awareness and responsiveness. God knows you fully and attentively.
Trust,Relational Trust,linked,Linkage reflects shared bond and unity. God draws people together with care.
Trust,Relational Trust,included,Inclusion reflects acceptance and welcome. God welcomes without exclusion.
Trust,Relational Trust,gently together,Togetherness reflects shared presence without pressure. God abides with you faithfully.